,Bogota,Valle del Cauca,Antioquia,Bolivar,Huila,Meta,Risaralda,Norte de Santander,Caldas,Cundinamarca,Atlantico,Santander,Quindio,Tolima,Cauca,Magdalena,Cesar,San Andres y Providencia,Casanare,Nari√±o,Boyaca,Cordoba,Sucre,La Guajira,Choco,Amazonas,Caqueta,Putumayo,Arauca,Vaupes,Guainia,Vichada,Guaviare
2020-02-27,,,,,,,,,,,,,,,,,,,,,,,,,,,,,,,,,
2020-02-28,,,,,,,,,,,,,,,,,,,,,,,,,,,,,,,,,
2020-02-29,,,,,,,,,,,,,,,,,,,,,,,,,,,,,,,,,
2020-03-01,,10.704060527839234,,,,,,,,,,,,,,,,,,,,,,,,,,,,,,,
2020-03-02,,6.6765115135143045,,10.704060527839234,,,,,,,,,,,,,,,,,,,,,,,,,,,,,
2020-03-03,,,,,,,,,,,,,,,,,,,,,,,,,,,,,,,,,
2020-03-04,10.704060527839234,,,,,,,,,,,,,,,,,,,,,,,,,,,,,,,,
2020-03-05,16.38057204135354,5.027549014324933,,,10.704060527839234,,,,,,,,,,,,,,,,,,,,,,,,,,,,
2020-03-06,6.67651151351431,6.676511513514303,16.38057204135354,10.704060527839234,6.6765115135143045,,,,,,10.704060527839234,,,,,,,,,,,,,,,,,,,,,,
2020-03-07,6.148146921754446,3.158109517581618,,,,,,,,,,,,,,,,,,,,,,,,,,,,,,,
2020-03-08,3.003411810969432,2.869439496743317,5.027549014324933,,5.027549014324933,,,,,,,,,,,,,,,,,,,,,,,,,,,,
2020-03-09,3.5525017951153677,8.834621031095919,4.124009718398938,,4.124009718398938,,,,,,10.704060527839234,,,,,,,,,,,,,,,,,,,,,,
2020-03-10,4.4317144124617975,2.86943949674332,10.704060527839241,,9.229013308629671,,,,,,,,,,,,,,,,,,,,,,,,,,,,
2020-03-11,5.623383616188081,2.648962499189369,,4.124009718398936,,,,,,10.704060527839234,,,,10.704060527839234,,10.704060527839234,,,,,,,,,,,,,,,,,
2020-03-12,3.0325481378229737,5.027549014324939,,5.710611312696981,,,,,,10.704060527839234,4.124009718398936,,10.704060527839234,,,6.6765115135143045,,,,,,,,,,,,,,,,,
2020-03-13,6.292925874880707,5.876293719755023,5.710611312696976,5.993449215142258,,10.704060527839234,,,,,5.710611312696981,,10.704060527839234,6.6765115135143045,,,,,,,,,,,,,,,,,,,
2020-03-14,5.411134652958544,2.920815701188787,5.275343093716548,3.5525017951153632,3.809389736470118,,,,10.704060527839234,,5.993449215142258,,,,,5.027549014324933,,,,,,,,,,,,,,,,,
2020-03-15,6.676511513514297,5.027549014324938,5.391205823970588,5.027549014324932,2.2181592778548183,,10.704060527839234,20.408121055678468,,8.834621031095919,4.673099702544873,,,,10.704060527839234,4.124009718398938,26.08463256919277,,,,,,,,,,,,,,,,
2020-03-16,4.932633396529635,3.9069511068954155,3.4624693304912997,4.807072016770986,2.120597907429512,,,6.676511513514303,10.704060527839234,9.66654891768713,3.9069511068954226,,4.124009718398936,5.027549014324933,,3.552501795115367,5.027549014324933,,,,,,,,,,,,,,,,
2020-03-17,4.665771777750519,3.405903596973234,4.214042183023002,3.9900374041728277,,,10.704060527839234,,,,2.648962499189368,,,,6.6765115135143045,3.1581095175816176,,,,,,,,,,,,,,,,,
2020-03-18,2.9789576562802544,3.0524486386862613,2.688791829040608,3.9069511068954217,4.755695812325515,,6.676511513514301,3.158109517581618,,5.555913606084792,2.4750472192095696,,5.710611312696981,,8.151558732723869,4.51840199593269,2.648962499189375,,16.38057204135354,,16.38057204135354,,,,,,,,,,,,
2020-03-19,4.475913344200531,3.0669039832848934,3.0669039832849077,3.0325481378229693,5.231932206221072,6.6765115135143045,8.151558732723874,5.99344921514226,6.676511513514301,3.8093897364701244,2.9566671932522244,,,,,2.4750472192095705,2.4750472192095705,,,10.704060527839234,,10.704060527839234,,,,,,,,,,,
2020-03-20,3.659655688835649,4.178804308894847,3.734322532490725,4.349215646921677,3.244797101052514,5.027549014324933,3.5525017951153615,4.673099702544873,,4.376268795436431,3.244797101052513,10.704060527839234,7.327791732402805,6.676511513514303,5.710611312696983,2.3343425172605485,4.6730997025448735,,5.027549014324933,10.704060527839234,5.027549014324933,6.6765115135143045,,,,,,,,,,,
2020-03-21,3.058046026646476,2.6489624991893734,1.2240047788501744,2.4153456361991674,2.4750472192095705,,3.158109517581612,,3.1581095175816163,1.9659002008173259,3.8093897364701164,6.6765115135143045,3.338757185284326,3.158109517581618,5.99344921514226,7.094452997609839,3.0034118109694283,,,10.70406052783923,4.124009718398938,5.027549014324933,,,,,,,,,,,
2020-03-22,2.350443726625876,2.4750472192095625,1.8618105019920659,2.0375116101521096,1.903539295925997,4.124009718398938,2.8694394967433174,3.0034118109694274,2.869439496743315,2.3343425172605494,5.027549014324932,10.704060527839236,6.312854703868649,,,1.8002177937592787,,,,,5.710611312696983,,,,,,,,,,,,
2020-03-23,2.3489639285112354,3.405903596973234,2.200735504603955,1.7306005443879808,3.032548137822971,,1.8487447054300894,1.903539295925996,5.45835223565949,1.8237670003210686,1.3146199819288213,3.15810951758162,1.7181061214257083,,2.3343425172605485,2.4750472192095705,1.903539295925997,10.704060527839234,,2.6489624991893717,2.8694394967433166,,,,,,,,,,,,
2020-03-24,1.9873173526195131,2.59975330968515,1.7468437298741062,1.9183619548013802,0.2220220838326501,5.710611312696983,3.958327311340895,3.4059035969732285,2.2181592778548165,3.881928758858087,2.4750472192095696,5.993449215142261,1.6830622983720502,,-0.334342517260545,4.124009718398938,1.848744705430092,,,3.8093897364701137,,,,,,,,,,,,,
2020-03-25,2.6912677331941985,2.7290667489372105,1.880793555747971,1.6512802188884965,1.3943922775337514,,1.6512802188885018,2.4011684197977594,4.124009718398937,2.8286825538388998,2.0774545759058007,2.3343425172605503,,,3.552501795115364,2.586601594298047,1.8002177937592787,,4.124009718398938,6.245708292179745,4.124009718398943,4.124009718398938,,,,,,,,,,,
2020-03-26,2.246291912554655,2.53880224555658,2.14683971455041,2.022351890208464,1.7569410977838622,,,2.273604894880174,5.710611312696981,2.3602924783510755,1.7569410977838613,2.218159277854819,,-1.1581095175816136,2.120597907429511,2.4249577203391963,1.7569410977838622,6.6765115135143045,3.552501795115367,1.8487447054300885,,,,,,,,,,,,,
2020-03-27,2.306209882560724,1.8579260370521862,1.9133673061576175,1.388913897499057,1.71810612142571,2.8694394967433166,2.789667201138382,2.1673425251467133,2.2736048948801733,2.7064574465265183,1.0000000000000009,,,5.027549014324933,2.037511610152105,1.8752849977386772,,,,2.5571588915431356,2.3343425172605476,5.710611312696983,,,,,,,,,,,
2020-03-28,2.3050538036494164,1.7156583550063225,2.131929352807333,1.9274913975768104,1.0000000000000018,6.676511513514306,3.5525017951153677,1.549089984145943,2.7164325092926545,3.12528418015206,1.718106121425703,4.1240097183989395,3.9900374041728277,2.648962499189375,1.0000000000000018,1.4179414840955404,2.4011684197977603,5.027549014324933,3.1581095175816176,3.0524486386862595,3.338757185284326,5.99344921514226,,,,,,,,,,,
2020-03-29,1.9732281256116924,1.4575570640250195,1.0000000000000018,2.366938573894819,1.3456965762652056,3.1581095175816145,,0.4509100158540589,1.0,2.31640529507587,1.4590575195218785,,,,,3.2752650129688474,1.6512802188885045,,,1.6223246759916687,3.0034118109694274,2.3343425172605485,,,,,,,,,,,
2020-03-30,1.9259572350636258,2.082455468975583,1.5333978472517806,1.6364732370746076,1.6667926858495639,,1.4590575195218705,-0.16734252514671155,,1.3544493117800558,1.4444817764041185,2.752284001356089,0.450910015854058,,,2.3343425172605485,,,1.0000000000000022,1.5958346018631433,4.309442892899224,2.2181592778548174,,,,,,,,,,,
2020-03-31,1.6868713039730245,1.5715079232835674,1.5138191359059956,1.3077046940628563,1.3218532551457827,1.965900200817325,,,0.450910015854058,2.1743407757298376,1.64133350443812,3.275265012968849,2.0774545759058,-0.6489624991893717,-0.03751161015210158,1.6223246759916785,2.2181592778548174,,,,5.391205823970588,,,,,,10.704060527839234,,,,,,
2020-04-01,2.1405050664861243,2.2248243577236284,2.0914615805759684,2.1673425251467187,1.6223246759916785,5.027549014324933,1.444481776404123,1.595834601863146,0.42849207671643263,2.2315628212434016,2.5791369180348225,0.28189387857429526,0.47163540824014216,4.124009718398944,2.037511610152105,2.9831072388823783,2.120597907429511,6.676511513514303,,3.158109517581611,1.5283645917598596,2.120597907429511,,,16.38057204135354,,,,,,,,
2020-04-02,1.6448959787304407,1.88749607570427,1.5715079232835816,1.4138232313816168,1.3010868730934888,6.201889790054768,1.8487447054300894,3.1581095175816136,1.5715079232835674,1.4352682189804442,1.3684423164432369,,1.5283645917598578,2.3343425172605485,,1.5185778035248907,2.037511610152105,,4.51840199593269,1.491278477357783,1.5091470183922473,1.0000000000000018,,10.704060527839234,5.027549014324933,,,,,,,,
2020-04-03,1.56506966150077,1.704340141948828,1.2222268881880574,1.6636313445241768,1.5834177496079542,2.3781610193855354,1.4058255162255264,3.300242718077871,,1.6966611338268924,1.709012259462571,1.7181061214257118,0.47163540824014216,2.2181592778548174,,2.9012215762268614,0.49085298160775626,,-0.6489624991893717,1.4746217234595367,,2.037511610152105,,,,,,,,,,,
2020-04-04,1.9822047170491963,1.6080955864448168,0.665322708050244,1.3835856386335958,1.0000000000000018,2.648962499189369,1.7779779161673508,1.4179414840955396,1.0,1.4019414823540375,2.6297449258217496,1.6830622983720538,-1.338757185284325,,,2.2736048948801812,1.5091470183922473,-1.5525017951153632,,2.334342517260545,1.0000000000000018,,,,4.124009718398938,,,,,,,,
2020-04-05,1.725308385153106,1.5527033536330137,1.0000000000000018,2.207644819981704,0.7113299791617074,5.3162190351632335,1.7370122687959064,1.4058255162255282,0.42849207671643263,1.1314563648977467,1.6022433911716751,,0.34871978111149726,,,1.0000000000000018,1.0000000000000018,,,2.218159277854814,,,,,3.552501795115367,10.704060527839234,,,,,,,
2020-04-06,1.8942732008393826,1.6758920037210832,2.0858152808422386,1.5668790589663129,1.0000000000000018,2.098602616180939,1.3544493117800585,1.3943922775337505,,1.63938051566464,1.5774014194766872,2.273604894880177,,3.1581095175816145,2.86943949674332,3.070881821072703,,,,,0.49085298160775626,,,,5.027549014324933,,,,,,,,
2020-04-07,1.5659453210128635,1.5623245841546822,1.207411200991979,1.3294269637427156,1.0000000000000018,1.7708368805623893,1.6830622983720493,1.383585638633603,1.5715079232835674,1.370065598954187,2.2181592778548227,0.37767532400833304,,1.965900200817325,,2.49253629081562,0.49085298160775626,,,1.3835856386336003,,-0.03751161015210158,,,,10.704060527839234,,,,,,,
2020-04-08,1.6913748215368187,1.4074002308101772,1.6044104061129207,1.4275141340411448,1.5715079232835691,1.9659002008173125,3.158109517581612,1.3733554591502593,1.0,1.0000000000000027,0.6056077224662451,0.3487197811115008,1.6512802188885027,1.903539295925997,1.848744705430092,1.6154837278956347,2.000425495750032,,2.648962499189375,1.7370122687959055,,,,,,,,,,,,,
2020-04-09,1.480486416696177,1.4737294069418105,1.3889138974990587,1.414845166489199,0.7171620975547288,1.683062298372052,1.831927886591214,1.0000000000000009,2.5866015942980454,2.1673425251467213,1.0000000000000009,0.3169377016279533,-1.0524486386862613,4.124009718398938,1.0000000000000018,1.2978835782619846,-1.6493879949393957,,,2.037511610152108,,,,,2.648962499189375,,,,,,,,
2020-04-10,1.8342893608314448,1.408043455131244,2.455855989336664,1.7945394322942878,1.2828379024452747,2.2736048948801812,2.2853056895437174,2.063802697690913,2.8694394967433183,1.0000000000000027,1.7779779161673526,0.28189387857429526,2.4011684197977585,1.683062298372052,-1.7181842021734068,2.131929352807333,1.5715079232835691,,,2.8694394967433166,1.5091470183922473,,,6.6765115135143045,,4.124009718398936,,,,,,,
2020-04-11,1.506921793878309,1.6146729092581555,1.5091470183922535,1.09622031002867,2.3343425172605548,3.416578397337913,3.052448638686248,1.666792685849563,0.5555182235958762,1.0000000000000027,1.616839857116429,-0.5571588915431338,-6.834621031095917,1.6512802188885045,,1.5333978472517806,2.0774545759058016,,1.0000000000000018,2.3872726370192296,,2.037511610152105,,,,7.580050809440296,,,,,,,
2020-04-12,1.2804342626419718,1.4497428152527707,1.6512802188884983,1.2847555793197198,1.0000000000000018,1.6667926858495576,4.208602120782422,0.6705730362572853,2.6990519980597414,1.332031372642418,1.7060319507764925,-0.7522840013560819,3.1581095175816127,2.2181592778548174,,2.250831404701909,0.47163540824014394,,2.4750472192095705,2.0186309599539944,,1.965900200817325,,,2.4750472192095705,4.124009718398943,6.6765115135143045,,,,,,
2020-04-13,1.1755770996743173,1.770420901004778,1.3146199819288285,1.6427358182570906,2.218159277854811,3.2508250882285346,1.9771406670975784,1.6512802188884974,1.7779779161673517,2.3542147704197243,1.451652071055098,1.0000000000000036,-0.03751161015210336,2.120597907429511,,1.4706325511857923,-2.673099702544876,,2.3343425172605485,1.9495163487426534,-0.03751161015210158,0.03409979918267858,,,,7.580050809440293,,,,,,,
2020-04-14,1.2796802763494224,1.36987388247546,1.7569410977838622,1.4416770082889645,0.034099799182691015,2.938575439711469,3.708928003489123,1.0000000000000009,1.3733554591502584,1.197186358344342,1.43753560905746,,,2.037511610152105,2.86943949674332,1.4553246838778442,2.3343425172605548,-2.1240097183989337,2.2181592778548174,2.3134625730471594,0.45091001585405976,,,,2.3343425172605485,5.458352235659489,,,,,,,
2020-04-15,1.218186234233782,1.4853538052422781,1.6479305358960872,1.1728417015121888,1.2477940793916105,1.7060319507764934,1.6335922822336917,1.3146199819288213,,1.3862313912636095,1.937152757451531,,,1.0000000000000018,,1.332031372642417,2.7896672011383847,,,2.2007355046039514,0.4284920767164344,,,,5.342168996253753,4.867547272794213,-4.676511513514301,,,,,,
2020-04-16,1.7112888834180957,1.1238946138777468,1.4158721617948284,1.0856271782441098,1.482806464996374,3.2235301973731048,1.2456203351127302,1.3077046940628572,0.6266445408497416,1.189192068334127,2.15928265157926,,2.0375116101521034,1.965900200817325,1.0000000000000018,1.217058611503516,1.0000000000000018,,-1.5525017951153606,2.4558559893366727,,1.965900200817325,,,1.903539295925997,3.226905724815624,,,,,,,
2020-04-17,1.4573365153664817,1.3050229585887099,0.9315402058813085,1.7479523334301277,1.6943571759512093,2.659836286143788,1.595834601863138,0.6922953059371446,1.7370122687959073,1.186669432172514,1.3660339214605157,1.0000000000000036,,1.4590575195218731,1.848744705430092,1.1072802184379675,1.0000000000000018,,,1.341480343738226,,1.903539295925997,,,2.648962499189369,3.6209615892340494,,,,,,,
2020-04-18,1.627454995319841,1.4940526773074119,1.068459794118695,1.710011296106222,0.3056428240487943,1.343575524825642,2.854848562645109,-0.30326592292416255,,1.3660339214605175,2.293226481834215,,1.9659002008173232,2.293226481834216,3.9583273113408977,1.2121252702884373,2.586601594298047,,,2.133566875471333,,0.09646070407400664,,5.027549014324933,3.8093897364701235,4.594077855869397,,,,,,,
2020-04-19,1.4647441843711828,1.1160227634799789,1.0000000000000018,2.1796448106483606,1.4667098837462849,1.2522590770375004,2.4545943302541184,1.9886459409953439,1.0,0.9093847969213611,3.1345603110198246,,0.034099799182676804,1.0000000000000018,1.0000000000000018,1.8177506701898078,0.49085298160775626,-3.0275490143249293,3.552501795115364,1.9035392959259934,-1.5525017951153668,,,,3.3387571852843267,2.018630959953997,,,,,,,
2020-04-20,1.509147018392257,1.6949783628620203,1.2033934078807338,2.022351890208464,1.6721290686090438,1.247794079391623,1.363656809645648,1.6223246759916776,2.0375116101521096,1.2701048410854971,3.1581095175816136,,2.8694394967433183,2.1838034323928808,2.86943949674332,1.6783333674032495,1.5091470183922473,,2.120597907429511,4.695517641682514,3.5525017951153703,,,1.0000000000000018,3.0034118109694283,8.298156930866003,,,,,,,
2020-04-21,1.3828743830132666,1.2542222901661884,1.0671464116889045,1.388913897499057,2.0531278973262364,1.4034861394968772,0.9999999999999991,-0.27360489488017237,1.0,0.9105428266172142,2.1624932005398643,,0.09646070407400487,1.3733554591502601,,1.5563646010932093,0.49085298160775626,,,2.283340639361528,2.120597907429511,,,,0.03409979918267858,4.807072016770988,6.6765115135143045,,,,,,
2020-04-22,1.1907386451536102,1.4602184300080534,1.0668259025372073,1.9274913975768104,2.167342525146708,1.9234115490851718,1.0894571733827876,0.6626342778931544,1.3294269637427156,0.8193523322972966,2.1762639847444687,-1.003411810969423,,2.730595383540476,1.5715079232835691,1.535096979482761,-0.07745457590579807,,,2.081238871103853,2.52879008750989,0.03409979918267858,,4.124009718398938,,2.966325696567349,12.86217004542085,,,,,,
2020-04-23,1.3369146548494637,1.309975762280983,0.8660276857738936,1.7569410977838604,0.6215985865691334,2.28007888343485,,0.6543034237347971,-0.012489262114765864,0.8169908580570597,2.41337311065874,-0.12059790742950582,0.034099799182676804,1.9441779311374594,1.5490899841459438,1.1739152799798003,2.0774545759058016,,,2.5222648019105165,2.808964240720087,-1.158109517581611,,3.552501795115367,1.965900200817325,5.075741832998558,,,,,,,
2020-04-24,1.304890098364309,1.36976939355689,1.0671464116889045,1.6641561510018388,1.5638345879311633,1.5986660307331384,0.9105428266172106,1.0000000000000009,1.0,0.9075904235610723,2.5351827816848873,-0.21815927785481204,1.0,4.484544663832747,1.0000000000000018,2.16042723728075,2.000425495750032,,,2.9751003756386805,,,,-1.5525017951153641,1.4590575195218731,3.6244813881212306,2.8694394967433166,,,,,,
2020-04-25,1.3866827493679406,1.392549080901503,0.7975868355467863,1.9911027278753934,1.1830091419429447,1.5741123321832813,0.6363431903543502,0.2818938785742926,1.6830622983720502,1.092409576438933,3.1521735412365954,-0.3343425172605432,-0.03751161015210336,1.0000000000000018,0.45091001585405976,2.506829298693118,1.4746217234595402,,,2.4011684197977505,1.0000000000000018,2.120597907429511,,7.580050809440298,0.06632075701859197,3.9554780185662306,,,,,,,
2020-04-26,1.5353170112826149,1.2715430248661033,0.4454720666693568,3.0134801321513045,0.4436353989068067,2.0820834402230624,-0.15133337531761715,0.6266445408497425,3.4409474200268857,1.2736243450215872,2.8961315925314617,,2.0375116101521034,1.2352996564293317,0.4284920767164344,1.3526634835998266,1.4590575195218731,,,2.394817773283778,,,,2.648962499189375,1.9336792429814116,2.8996836217048294,,,,,,,
2020-04-27,1.340323591683493,1.4820020753268075,0.6419242149449076,2.130658993022422,3.265802356305791,1.7325614660243485,0.9999999999999991,1.0000000000000009,1.2772367821465167,0.9093847969213611,2.8888704505911926,-2.1240097183989386,,2.9566671932522315,,1.745939132581114,0.06632075701859197,,,2.595219630889046,1.8237670003210678,2.037511610152105,,,1.8752849977386772,3.1520659172287555,2.6489624991893748,,,,,,
2020-04-28,1.604099878104396,1.332270180649326,0.7067955661665994,2.4871109855743043,0.8381484863849327,5.068665049751278,0.3867632827825007,2.0914615805759675,1.5385279315891474,0.7245812816181294,3.665314653732035,-0.8694394967433117,1.9659002008173232,1.0000000000000018,,1.1967245483791036,-2.2452225968025408,,2.037511610152105,2.768112154540095,1.7779779161673535,2.86943949674332,,2.4750472192095705,3.3387571852843267,3.6668864348569326,2.4750472192095696,,,,,,
2020-04-29,1.2563120348160801,1.2514594806430814,0.6246423956908078,1.9441779311374514,0.5029063616032747,1.2037881688389103,0.46761646175065064,1.3456965762652047,1.518577803524889,0.5285749885077715,2.9478710744246976,,3.5525017951153623,1.0000000000000018,3.1581095175816145,1.064965313791042,1.0000000000000018,-4.676511513514301,,1.2352996564293282,-0.18380343239287722,,,,1.700145888045265,2.0396527740317865,2.3343425172605476,10.704060527839234,,,,,
2020-04-30,1.3834455496771216,1.4188037920013201,0.9237055332540987,2.475047219209575,1.4970936383967288,1.901010165759235,0.6705730362572835,,1.2522590770374986,1.5638345879311641,3.2361041482739905,,-1.5525017951153623,1.5958346018631406,3.7181842021734104,1.509147018392241,,,,2.3767026100920656,1.8002177937592787,1.848744705430092,,6.6765115135143,0.654303423734798,2.4527630919420034,5.342168996253752,,,,,,
2020-05-01,1.669607227658343,1.8688163934559725,1.3027144961843184,2.7969696441449514,1.321853255145795,3.8403975010838654,0.7759952211498264,1.666792685849563,2.4249577203391883,0.9075904235610723,3.4828845457440734,-1.1581095175816123,,1.5715079232835691,1.405825516225529,1.4912784773577865,3.244797101052514,,1.965900200817325,2.4835038790861557,4.732801285555281,2.557158891543139,,,3.8411718159536647,2.542625789685994,,,,,,,
2020-05-02,1.384105379505728,1.5634827009371328,0.8494609151323278,2.734952391467152,2.9289718330827412,1.1540169548676307,0.6571257198838589,1.6364732370746022,2.293226481834214,1.5455235594673704,2.6443090173449635,3.1581095175816194,0.034099799182676804,2.9160285580407628,,1.5908049628652776,0.47163540824014394,,,1.7769496762932029,1.8662556520532272,2.4011684197977603,,6.361891531585486,2.3602924783510746,2.018236710365821,1.903539295925996,,,,,,
2020-05-03,1.423855998815048,1.4797583956874139,0.8478245886833591,2.308520192079481,1.5437576664276893,3.413963006556223,-0.5912304586153008,0.6853800180711804,1.0,0.9105428266172142,2.2914011646827612,,1.9659002008173232,1.480047028700854,1.3943922775337514,1.2863085465980717,-0.1205979074295076,,,2.304865374542503,2.0774545759058016,1.0000000000000018,,2.2181592778548174,1.5091470183922535,1.9100676243259436,,6.6765115135143045,,,,,
2020-05-04,1.314115740901551,1.6072070501493823,0.8461522979416678,2.4124459276390997,1.1327024153636156,0.8704893631898916,-0.3602924783510675,1.9234115490851647,,1.5283645917598543,2.742960435223268,2.8694394967433188,0.034099799182676804,1.7652177755301004,1.3835856386336038,1.3912430254678299,0.4041653981368567,6.6765115135143045,1.903539295925997,2.133202572006528,1.256887941354755,2.86943949674332,,1.0000000000000018,1.2477940793916105,2.537564766581225,,,,,,,
2020-05-05,1.333244671888588,1.5133908572801271,0.44781575128184414,2.599113386998134,0.867297584636388,5.137709267957726,-1.8411718159536763,1.294747728769659,0.1512552945699035,0.47163540824015104,2.487033521311619,2.6489624991893765,1.0,2.1434924341997377,1.3733554591502601,1.1643854502735707,-0.9566671932522217,,2.648962499189369,2.2709752930692897,1.2522590770375004,3.1581095175816145,,1.5715079232835691,2.1771636409475814,2.590360488131866,2.648962499189368,,,,,,
2020-05-06,1.6021521693201368,1.5173279337188212,1.0802294459257968,2.3406573572413176,1.3943922775337576,1.0193503831773185,0.28189387857429704,0.09646070407399954,1.0,1.4416770082889672,2.4336510329775143,,-0.03751161015210336,-1.0669039832848917,-0.15133337531760827,1.9985469315070148,1.683062298372052,14.731609542164165,0.19978220624072485,1.9861354057066212,1.7306005443879826,1.4912784773577865,,1.0000000000000018,1.2240047788501744,2.2285953573540986,,,,,,,
2020-05-07,1.3443804680396507,1.6893700254442905,1.3943922775337452,2.237874814136621,0.8697665027276038,1.3060231133749909,0.04725151456978072,0.6853800180711804,1.2170586115035142,1.42816792720913,2.218835198192912,-0.6489624991893703,5.555913606084789,1.6223246759916723,1.3943922775337514,1.400027214216795,-1.1581095175816172,5.458352235659492,0.1512552945699115,1.8245022751302038,2.138838952355327,2.808964240720087,,1.5490899841459438,2.4750472192095767,1.6721290686090562,,,,,,,
2020-05-08,1.6411521709896437,1.5057682323254085,0.03409979918267858,1.7865659155443954,2.3699810600526323,2.4029701056634423,0.9999999999999991,0.34871978111150437,0.5624643909425409,1.8189468935425106,2.386290628812051,-0.8694394967433121,1.7569410977838604,3.501685042407267,0.6056077224662522,1.6736694768187785,0.19978220624072485,,1.848744705430092,1.6634066813183868,1.641333504438121,1.4179414840955404,10.704060527839234,1.0000000000000018,1.7779779161673535,1.6020994759582905,,,,,,,
2020-05-09,1.4978133356100134,1.6342202599213653,1.4912784773577865,2.2658827231418535,0.5171935350036296,2.0704800960169845,2.8447698868357305,0.6626342778931544,1.220476997553945,1.9234115490851726,2.0879257805824247,,1.0,1.1266976972788445,1.3943922775337514,1.370882616257667,0.1512552945699115,,,1.2976399919758776,1.0000000000000018,3.9583273113408977,6.6765115135143045,2.037511610152105,2.7745238789480062,1.2723568987740208,,,,,,,
2020-05-10,1.805194686808493,1.7452078998008282,1.6293194300717264,2.354745727089922,1.122271519562565,1.0316742216555763,0.8260847200201882,1.3373657221068473,1.0,3.0083754699471497,2.00364781261007,,1.7181061214257083,1.1255613797586452,1.3835856386336038,1.045677038887428,-1.90695110689542,,0.1512552945699115,1.9205192858789282,1.811821607104898,1.6512802188884983,5.027549014324933,1.4912784773577865,1.6512802188885107,2.063176145295362,,,,,,,
2020-05-11,1.6676123531819638,1.522919769134095,1.965900200817325,1.9523013653624837,1.0000000000000018,0.9841718468159968,-0.0914615805759551,0.6626342778931544,-0.6216454173516972,1.935760253761905,1.7892588890901093,4.518401995932692,-0.4750472192095687,-0.5866015942980312,0.6164143613663997,1.0000000000000018,4.755695812325514,,1.848744705430092,1.5205060453845611,2.316405295075869,2.2181592778548236,,2.3781610193855354,0.3487197811114928,1.1774421725541888,,,,,,,
2020-05-12,1.72364991083416,1.5296755759353662,1.903539295925997,2.3218309156991204,1.0000000000000018,0.9365078276845225,0.22202208383264743,1.3373657221068473,1.2434843979661636,2.102017944516633,1.6846283814879461,2.4750472192095723,,0.7171620975547288,2.8207437954747743,1.711264058896436,3.2752650129688474,,0.1512552945699115,1.794539432294286,1.8698449354980937,4.807072016770982,,1.4308032213345534,2.4249577203392025,1.6320318198893826,1.7569410977838613,5.027549014324933,,,,,
2020-05-13,1.6637495383536294,1.6167664000429127,1.8487447054300858,1.9671839567212057,0.7543796648872707,0.9840818629809505,0.1762329996789207,0.6626342778931544,1.0,2.0733223444708484,1.6676424250752602,,1.7569410977838604,1.560074684591779,1.6667926858495639,2.003414394138842,0.2818938785742935,,-1.90695110689542,2.0057514742250273,1.3333490817120595,2.2736048948801812,,1.4179414840955404,2.429812931069316,1.9554093797943857,0.24305890221614046,4.124009718398938,,,,,
2020-05-14,1.7120178412688691,1.6764600817913013,2.6700627292573706,2.1385581408099608,0.8755547361585485,0.8880633671332419,0.3487197811115026,0.6543034237347971,0.5087215226422277,2.4698802141684437,1.599152137423693,1.0000000000000036,2.4011684197977585,1.5385279315891491,1.6364732370746031,1.1205172435123973,0.24305890221614135,-0.3343425172605441,2.037511610152105,2.4174191471012225,3.1345603110198255,1.4000272142167827,,1.405825516225529,1.792664515993108,1.6360067958544882,1.0000000000000009,3.552501795115367,,,,,
2020-05-15,1.5724335125206483,1.9244033197504162,1.4970936383967413,2.3944606987444423,0.6198861530766919,0.9839357412093275,0.548347928944902,-1.6932064970643834,0.7477409229625014,2.4982837390666743,1.5424860373791853,4.673099702544875,1.6512802188885027,1.3907230336390732,1.608791567156345,1.7400888537989552,1.7569410977838622,,,1.9116575913115081,1.0000000000000018,1.3889138974990587,,1.0000000000000018,2.8050715672625124,1.9966210069239203,-0.6489624991893663,3.1581095175816176,,,,,
2020-05-16,1.5766160749666813,1.729737651848648,1.480047028700854,2.171840998917549,0.07074903477178296,0.9839172871457755,1.2276472922049235,,0.7431120586452469,2.2772384272130646,1.957334890057635,6.312854703868653,2.2181592778548156,0.7407333312586744,1.0000000000000018,1.0378890623684,1.71810612142571,,,1.6685620381425945,0.2744490498957983,1.0000000000000018,4.124009718398938,0.5941744837744745,1.875284997738671,1.0279906791007516,,,,,,,
2020-05-17,1.627884552291322,1.7656584081526905,1.5147638690192462,2.113168880988269,1.1365864492351143,0.9677790421640946,,,1.0,2.4138783616602693,1.7668583471279584,2.401168419797762,2.1205979074295094,1.0000000000000018,2.6820203657888912,0.9241190554292622,2.3343425172605548,,,2.141785533441711,1.5834177496079604,0.8068934901473028,5.710611312696983,,2.120597907429511,1.0836378192812415,1.8487447054300912,,,,,,
2020-05-18,1.7876148120907924,1.849513619339385,1.9287872739141037,2.084294141072453,1.0000000000000018,0.8866390567433218,0.5409424804781215,0.5691967786654493,1.5091470183922517,2.808964240720088,1.6730162073605728,1.0000000000000036,1.5283645917598578,1.1302334972723997,1.5185778035248907,1.188936740648387,2.2181592778548174,,,1.6531034916657,1.560074684591779,1.9399502397268051,1.0000000000000018,1.405825516225529,1.9463060758553983,1.193233432389155,,2.869439496743317,,,,,
2020-05-19,1.8185363656525073,1.5960908971152818,2.690941541136972,1.934820113303111,-0.88887045059119,0.9837303874775198,0.03409979918268835,0.09646070407400575,-0.5866015942980516,2.0504926032008006,1.6384486790216473,,2.0004254957500303,2.120597907429511,0.48142219647511286,1.4433088050155636,5.027549014324933,,-0.03751161015210158,1.672727278253138,1.0000000000000018,1.1806476677027078,2.869439496743317,1.7779779161673535,2.3093648121515304,1.082004790274107,,,,,,,
2020-05-20,1.788349855418387,1.7684156185675217,2.395179114893569,2.0921508113453378,1.154697706612188,1.1134922254618367,0.9999999999999991,1.903539295925996,1.815764713735664,2.8166291738433875,1.691676547314331,2.273604894880177,1.4746217234595385,2.4750472192095643,2.018630959953998,1.6744016114271236,5.772972217588306,,1.0000000000000018,1.722970610703273,2.679430411105715,1.8698449354980937,2.6489624991893748,1.737012268795909,3.014518515240974,1.144610711194364,0.1512552945699106,4.124009718398945,,,,,
2020-05-21,1.40214405063041,1.6167436514011282,2.372231579628947,2.1875246923270684,0.6888760850140603,0.9514730883291946,-1.753944119444765,1.0000000000000009,2.018630959953996,2.2284435653958257,1.659106757446371,4.245222596802546,-0.4750472192095687,1.0000000000000018,0.7522059206083931,1.409785352201581,8.15155873272387,-2.1240097183989395,-0.1205979074295076,0.98844407693365,0.7543796648872707,1.0000000000000018,,1.3544493117800611,2.17599964177834,1.4946886880769519,,,,,,,
2020-05-22,1.614339505377357,1.6520083048027967,4.349215646921685,1.424554616008777,-0.6686392417116522,1.0161943337895334,1.3010868730934861,,0.4999468435708927,2.1917477351879535,1.55553714060341,1.474621723459542,2.0004254957500303,1.734250655215602,1.9659002008173125,1.1672660278956517,4.01155931463725,-0.8694394967433126,,1.4773189588016695,1.2456203351127328,1.4970936383967288,2.4750472192095696,-0.8694394967433166,1.6482639525836031,1.8257507407377815,0.09646070407400575,,,10.704060527839234,,,
2020-05-23,1.6210223140643567,1.421688386232761,2.7299656181279897,2.016716953525414,0.4579968294703356,1.0323325778812773,0.6989131269065121,1.4308032213345525,0.7431120586452469,1.885352413902841,1.534331534985232,4.309442892899226,0.5087215226422153,0.8974354387109837,2.3343425172605485,1.4257638058523376,6.925185902272068,,-0.21815927785481382,1.4723869082261185,2.1673425251467204,1.7911709436867955,1.0000000000000009,1.7779779161673535,1.9785641546433084,0.9836257291275636,,,,,,,
2020-05-24,1.3862183965659174,1.505084260104157,1.5628898866925667,1.0506329665826577,,1.0000000000000018,1.5958346018631442,0.12471500226132548,1.5091470183922517,1.6849191854362546,1.5564854635330443,5.9195704157304485,,1.5054700649896269,2.2181592778548236,1.2240047788501744,1.2926935874703904,-1.1581095175816132,,2.269377203469517,0.6599023040333751,1.8939206078114648,2.3343425172605476,1.3733554591502601,2.2427508879016838,1.032729412919407,,-3.993449215142255,,,,,
2020-05-25,1.6197390561858764,1.3904166989183757,3.479514937530711,1.1424735432700537,0.8145668254997087,1.0322580787879119,1.5715079232835665,0.5409424804781295,1.0,1.6706783966357746,1.6694270404157168,2.706457446526521,1.4912784773577847,1.4878542386223526,1.5715079232835691,1.7418954219671399,7.7002232211197885,,,1.4752794482018494,0.884773012088786,1.5657335367302778,2.2181592778548165,2.063802697690914,2.1413725068789145,1.1220583145583358,,,,,,,
2020-05-26,1.404758808921878,1.4248980059777878,2.038887058401972,1.535774449690038,0.23268468907007644,0.9838802515294187,2.334342517260552,0.5253782765404624,1.2477940793916087,1.4527757792928861,1.5106694691044007,2.3134625730471665,2.3781610193855336,1.1904791287808987,1.3684423164432378,1.3860265766574091,2.257988607706052,,1.0000000000000018,1.4873316653220634,0.7666612652070377,1.0000000000000018,3.1581095175816136,1.0000000000000018,1.915989274514379,0.7630524123110476,,2.869439496743318,,6.6765115135143045,,,
2020-05-27,1.430279843152631,1.4123813580685933,1.697529065607739,1.1873337559906467,0.5999727857832209,1.0161197484705848,1.5000531564291064,0.5087215226422162,1.718106121425702,1.6855100647914325,1.516485083198103,1.4117943928881207,3.7695604066188766,0.6164143613664059,2.218159277854811,1.9619944956727196,3.032548137822973,,,1.4352682189804273,3.073822688639458,1.1379321502021558,1.965900200817324,1.0000000000000018,2.7522840013560934,0.9835100098721199,,,,,,,
2020-05-28,1.5130345034920776,1.5021227846389529,2.1114351751123497,1.161396417020761,-0.0531278973262328,0.9354093433308162,-0.5571588915431445,-0.03751161015210247,1.9035392959259951,1.9463060758553992,1.7206148572087807,1.2014423243294008,0.2629877312040927,0.3023467675297429,1.6512802188885107,1.0273170818376656,2.8989691427894613,,1.0000000000000018,1.637068462516332,0.2712109326152472,0.5820585159044693,8.70064871686981,0.654303423734798,2.221590229961187,0.6491463160771165,0.03409979918267769,,,,,,
2020-05-29,1.4886615040110822,1.398958430339615,2.0588197409927727,1.0195558070629573,-0.1388389523553233,0.9675925781216854,2.309364812151534,-0.12059790742950849,1.2170586115035142,1.9435148482756537,1.5942666946816226,1.777977916167357,-0.183803432392879,1.1018186306071218,2.0715610797126764,1.350355145937172,1.9576381763816109,,-0.334342517260545,1.5929905185623454,-0.7024998493270118,1.14070470194903,4.337754328229975,-0.09146158057596487,1.6632819341541545,0.9576399071684811,,,,,,,
2020-05-30,1.402662223141247,1.4197489385566513,1.5988693058830084,0.9765297514184681,0.7606779329697932,0.9512477742977588,1.4912784773577714,1.0000000000000009,0.7829413884964858,1.5589564737285793,1.650624496539952,1.9153586296799237,1.0,1.1010834716288116,1.9953429035722205,1.5991612028054867,3.075219991845433,,,1.3632374407957322,1.5908049628652776,1.5490899841459314,3.3387571852843267,1.3733554591502601,2.2061575625891674,1.016959420608158,,,,10.704060527839236,,,
2020-05-31,0.807798245146115,0.6619554077269605,1.5340500809192719,0.8266719560262317,-1.0778800716558221,-9.857254491903015,-1.0778800716558248,0.4041653981368558,0.7795230024460551,1.2847555793197225,0.9517201262224733,2.0248476563261377,1.0,1.3971897598090184,1.5385279315891491,-0.2251157997370754,1.2308650665918197,-14.380572041353531,-0.47504721920956694,0.4142085643911102,-0.7214639558876961,3.349108387234626,3.6122033781257716,2.063802697690914,1.4867234098049948,0.32286864854995834,-8.704060527839232,2.6489624991893765,,3.15810951758162,,,
2020-06-01,1.5156731986385044,1.9716016873550686,2.0106143876615903,1.2163268213180523,1.0000000000000018,1.0705291164194009,1.5490899841459411,1.0000000000000009,1.861810501992064,1.668353391736157,1.6853651193329187,2.9924271105235842,0.15125529456990972,2.0375116101521176,1.2616898621701438,1.220911881455514,1.418903518110696,,2.4750472192095705,1.0414815118292005,0.8685436351022577,1.988645940995351,5.322296743094585,0.654303423734798,2.1915584718279906,1.0532657586113015,,,,2.8694394967433188,10.704060527839234,,
2020-06-02,1.0192317883045678,1.0075983719640043,1.3822342220584005,0.858782775751262,0.4284920767164344,-15.902599170420713,2.0375116101521087,-0.9566671932522226,-0.5448728003641143,1.366281604591232,1.0481626745524304,2.8694394967433112,0.09646070407400487,-0.7401680334860785,1.3835856386335976,0.8346437470031827,1.0317100928319292,,,0.8333313649115333,0.598058517645967,2.8826907991997537,6.080676911651167,9.422119818482368,1.5457101104724167,-0.20205806848949592,-3.7106113126969813,,,,,,
2020-06-03,0.8931519087569146,1.1998687144628342,1.3957436941089547,1.0,-0.21815927785482003,-2.0068542230117075,2.197310428134263,1.6830622983720511,2.3343425172605468,1.2226195317308628,1.1715947321401723,1.6114508890372754,0.5253782765404615,1.6044104061129207,0.6164143613664059,1.0276953601694796,1.1574819755022023,6.676511513514306,-3.993449215142256,0.9159156631570333,-0.88887045059119,1.8977433943735456,2.4445793072932247,1.0000000000000036,1.05622497516846,-1.0108408374106652,-2.124009718398936,-0.6489624991893703,,2.6489624991893765,,,
2020-06-04,1.0920567533643055,1.074686760218892,1.3041055240556982,0.9367766354262095,0.34871978111150526,1.1450790184976558,1.8891876801125553,2.869439496743319,1.0,1.635655217266609,1.3370059128057479,1.5858595390970116,-0.0004254957500302581,1.1958073876463597,1.0000000000000018,1.2196123463477981,,,,0.9408390305860923,1.608791567156345,1.6789208991405467,4.924227512158227,0.8068934901473046,1.1950280295032591,-0.10110511462353777,4.124009718398936,-0.8694394967433121,,,,,
2020-06-05,1.048752225702236,1.331245736073953,1.0000000000000018,0.9086132699406768,-3.7106113126969795,0.708322783360213,1.6316860939265814,-0.2181592778548147,-1.0524486386862488,1.116764646827062,1.2237037068186831,2.3134625730471665,0.47163540824014216,1.8487447054300858,0.7383101378298598,0.6413596988157888,1.1247224284475354,-14.380572041353533,-3.7106113126969795,0.7952431509342954,1.0000000000000018,1.4081921800803805,2.3814013850984157,0.8041926123536456,2.2434986512881707,0.2571201703470436,-2.124009718398936,-1.1581095175816127,,,,,10.704060527839234
2020-06-06,1.152542106301615,1.0616980907834304,1.555763536349854,1.0596676567346286,2.752284001356087,1.1465981981421365,0.9999999999999991,2.789667201138384,1.2434843979661636,1.01162308078385,1.2955254849432913,2.3912146333848554,,1.271853201999427,1.0000000000000018,1.0279162604961023,1.0928180195413795,,-2.124009718398934,0.870489363189888,0.5459061394558447,1.318195515085785,2.7633337256866017,1.5793930262799698,1.0252935931492875,0.6132350721509674,,,,,,,
2020-06-07,0.8607245438093418,0.6813466101369734,1.0222222268880206,0.6787929079313706,-0.2932264818342123,2.120597907429511,,2.0774545759058007,1.2393220670302085,0.8598820664242508,0.9471006491677914,1.1879222846499768,-0.12059790742950938,0.6363431903543528,,0.7750955649467173,0.9381897450723695,,,0.541520741976317,0.37068056992827714,1.3111239149859433,2.786353199465914,0.8095208712190942,0.8730725666714534,-0.12931521779832522,,3.158109517581619,,,-8.704060527839234,,
2020-06-08,0.8860880279708478,0.5290824702384818,1.4908956342003918,0.8077960172234278,3.477029914227095,1.0000000000000018,1.4058255162255326,3.8093897364701164,1.466709883746283,1.0819057914944645,0.8235874093550359,1.9035392959260005,,0.9075904235610714,1.1314563648977458,0.943204790261392,1.0926133476620645,,,0.11198772865751039,1.160001741530726,1.454093860544159,1.641333504438121,0.4125012126135612,0.8976229441519905,0.1680721134087868,-3.027549014324931,,,,,,
2020-06-09,0.9180630808275776,1.0229696524044414,0.7075328843945332,1.0123474945531399,-1.4770299142270913,0.16807211340879924,1.1985848898873845,2.2181592778548165,0.7685897726830468,1.0698255811545545,1.1866010781043181,1.7661485956494616,,2.241318919199186,,0.9143728217559044,1.0307354678881104,,,1.047667734167776,0.8399982584692776,1.0742707312157087,1.479264402991392,1.198584889887389,0.9742883306977781,0.8640032479133772,,-1.1581095175816127,,,,,6.6765115135143045
2020-06-10,0.5737251284082543,0.7880207265309203,0.8126693813124142,0.7635148986421036,-0.42495772033919277,-4.116436828922513,1.9527484854302175,0.6056077224662513,0.7647003435706701,0.6473365164001779,1.1176477511492893,0.9169137027225993,0.4041653981368549,1.2522590770375004,0.6018689055125357,0.14409600011576273,0.9384614393774697,,,0.7890371040694184,-0.3504437266258691,0.9257292687842948,1.9119502303934617,,0.9225804478675457,-0.12186332976507153,,,,,,,
2020-06-11,0.8591241499528603,0.9025744154597497,0.9109694932839165,1.008365700876336,,0.7925887990080245,1.363656809645648,1.3943922775337505,0.7606779329697915,0.8202799453504666,0.9412997043595093,1.2477940793916265,,0.7477409229625032,1.2666747295897238,0.6299344010458174,0.719679177748489,,4.124009718398938,0.8249977213007558,0.8216536391159845,0.9253331563449283,0.9367944750366259,,1.0258541163043162,0.9175012344598805,,,,,,,
2020-06-12,0.8671197662143957,0.7275333548316176,0.9664670498366341,0.8739865479743507,,0.35866649556188257,0.9999999999999991,0.6056077224662513,,0.7198688618373952,0.7915594250874891,,,0.9148933549306602,0.867297584636388,0.8744386202413583,0.9685039237237874,,,0.5728650611441903,,1.0000000000000018,1.0632055249633776,,0.8962958221099342,0.09425406840074757,,,,,,,
2020-06-13,0.875358392360587,0.91199971025679,0.9775999952213272,0.9280856554392294,,,,,0.7565156020338364,0.9012341582815369,0.819726658843746,,,,0.8660276857738936,0.9684329065807553,0.9684329065807571,,,0.7043938231815048,,,,,0.9478584127262462,0.8758699911210268,,,,,,,
